{
    "name": "villages_overhauled:village/desert/connectors",
    "fallback": "minecraft:empty",
    "elements": [
      {
        "weight": 2,
        "element": {
          "location": "villages_overhauled:village/desert/connectors/connector_1",
          "processors": "minecraft:empty",
          "projection": "rigid",
          "element_type": "minecraft:single_pool_element"
        }
      },
      {
        "weight": 2,
        "element": {
          "location": "villages_overhauled:village/desert/connectors/connector_2",
          "processors": "minecraft:empty",
          "projection": "rigid",
          "element_type": "minecraft:single_pool_element"
        }
      },
      {
        "weight": 2,
        "element": {
          "location": "villages_overhauled:village/desert/connectors/connector_3",
          "processors": "minecraft:empty",
          "projection": "rigid",
          "element_type": "minecraft:single_pool_element"
        }
      },
      {
        "weight": 2,
        "element": {
          "location": "villages_overhauled:village/desert/connectors/connector_4",
          "processors": "minecraft:empty",
          "projection": "rigid",
          "element_type": "minecraft:single_pool_element"
        }
      },
      {
        "weight": 2,
        "element": {
          "location": "villages_overhauled:village/desert/connectors/connector_5",
          "processors": "minecraft:empty",
          "projection": "rigid",
          "element_type": "minecraft:single_pool_element"
        }
      }
    ]
  }