{
    "name": "villages_overhauled:village/plains/market_stalls",
    "fallback": "minecraft:empty",
    "elements": [
      {
        "weight": 1,
        "element": {
          "location": "villages_overhauled:village/plains/market/plains_market_stall_1",
          "processors": "minecraft:empty",
          "projection": "rigid",
          "element_type": "minecraft:single_pool_element"
        }
      },
      {
        "weight": 1,
        "element": {
          "location": "villages_overhauled:village/plains/market/plains_market_stall_2",
          "processors": "minecraft:empty",
          "projection": "rigid",
          "element_type": "minecraft:single_pool_element"
        }
      },
      {
        "weight": 1,
        "element": {
          "location": "villages_overhauled:village/plains/market/plains_market_stall_3",
          "processors": "minecraft:empty",
          "projection": "rigid",
          "element_type": "minecraft:single_pool_element"
        }
      },
      {
        "weight": 1,
        "element": {
          "location": "villages_overhauled:village/plains/market/plains_market_stall_4",
          "processors": "minecraft:empty",
          "projection": "rigid",
          "element_type": "minecraft:single_pool_element"
        }
      },
      {
        "weight": 1,
        "element": {
          "location": "villages_overhauled:village/plains/market/plains_market_stall_5",
          "processors": "minecraft:empty",
          "projection": "rigid",
          "element_type": "minecraft:single_pool_element"
        }
      },
      {
        "weight": 1,
        "element": {
          "location": "villages_overhauled:village/plains/market/plains_market_stall_6",
          "processors": "minecraft:empty",
          "projection": "rigid",
          "element_type": "minecraft:single_pool_element"
        }
      },
      {
        "weight": 1,
        "element": {
          "location": "villages_overhauled:village/plains/market/plains_market_stall_7",
          "processors": "minecraft:empty",
          "projection": "rigid",
          "element_type": "minecraft:single_pool_element"
        }
      },
      {
        "weight": 1,
        "element": {
          "location": "villages_overhauled:village/plains/market/plains_market_stall_8",
          "processors": "minecraft:empty",
          "projection": "rigid",
          "element_type": "minecraft:single_pool_element"
        }
      },
      {
        "weight": 1,
        "element": {
          "location": "villages_overhauled:village/plains/market/plains_market_stall_9",
          "processors": "minecraft:empty",
          "projection": "rigid",
          "element_type": "minecraft:single_pool_element"
        }
      },
      {
        "weight": 1,
        "element": {
          "location": "villages_overhauled:village/plains/market/plains_market_stall_10",
          "processors": "minecraft:empty",
          "projection": "rigid",
          "element_type": "minecraft:single_pool_element"
        }
      }
    ]
  }