{
  "name": "minecraft:village/desert/town_centers",
  "fallback": "minecraft:empty",
  "elements": [
    {
      "weight": 125,
      "element": {
        "location": "minecraft:village/desert/town_centers/desert_meeting_point_1",
        "processors": "minecraft:empty",
        "projection": "rigid",
        "element_type": "minecraft:single_pool_element"
      }
    },
    {
      "weight": 125,
      "element": {
        "location": "minecraft:village/desert/town_centers/desert_meeting_point_2",
        "processors": "villages_overhauled:sandstonify",
        "projection": "rigid",
        "element_type": "minecraft:single_pool_element"
      }
    },
    {
      "weight": 50,
      "element": {
        "location": "minecraft:village/desert/town_centers/desert_meeting_point_3",
        "processors": "villages_overhauled:sandstonify",
        "projection": "rigid",
        "element_type": "minecraft:single_pool_element"
      }
    },
    {
      "weight": 10,
      "element": {
        "location": "minecraft:village/desert/zombie/town_centers/desert_meeting_point_1",
        "processors": "minecraft:empty",
        "projection": "rigid",
        "element_type": "minecraft:single_pool_element"
      }
    },
    {
      "weight": 10,
      "element": {
        "location": "minecraft:village/desert/zombie/town_centers/desert_meeting_point_2",
        "processors": "villages_overhauled:sandstonify",
        "projection": "rigid",
        "element_type": "minecraft:single_pool_element"
      }
    },
    {
      "weight": 10,
      "element": {
        "location": "minecraft:village/desert/zombie/town_centers/desert_meeting_point_3",
        "processors": "villages_overhauled:sandstonify",
        "projection": "rigid",
        "element_type": "minecraft:single_pool_element"
      }
    }
  ]
}