{
  "name": "villages_overhauled:village/common/llamas",
  "fallback": "minecraft:empty",
  "elements": [
    {
      "weight": 1,
      "element": {
        "location": "villages_overhauled:village/common/animals/llamas_1",
        "processors": "minecraft:empty",
        "projection": "rigid",
        "element_type": "minecraft:legacy_single_pool_element"
      }
    },
    {
      "weight": 1,
      "element": {
        "location": "villages_overhauled:village/common/animals/llamas_2",
        "processors": "minecraft:empty",
        "projection": "rigid",
        "element_type": "minecraft:legacy_single_pool_element"
      }
    },
    {
      "weight": 1,
      "element": {
        "location": "villages_overhauled:village/common/animals/llamas_3",
        "processors": "minecraft:empty",
        "projection": "rigid",
        "element_type": "minecraft:legacy_single_pool_element"
      }
    },
    {
      "weight": 1,
      "element": {
        "location": "villages_overhauled:village/common/animals/llamas_4",
        "processors": "minecraft:empty",
        "projection": "rigid",
        "element_type": "minecraft:legacy_single_pool_element"
      }
    }
  ]
}