{
    "processors": [
      {
          "processor_type": "minecraft:block_rot",
          "integrity": 0.5
      },
      {
        "processor_type": "minecraft:rule",
        "rules": [
          {
            "location_predicate": {
              "predicate_type": "minecraft:block_match",
              "block": "minecraft:water"
            },
            "input_predicate": {
              "predicate_type": "minecraft:block_match",
              "block": "minecraft:grass_block"
            },
            "output_state": {
              "Name": "minecraft:mossy_stone_bricks"
            }
          },
          {
            "location_predicate": {
              "predicate_type": "minecraft:block_match",
              "block": "minecraft:water"
            },
            "input_predicate": {
              "predicate_type": "minecraft:blockstate_match",
              "block_state": {
                "Name": "minecraft:mossy_cobblestone_slab",
                "Properties": {
                  "type": "double",
                  "waterlogged": "false"
                }
              }
            },
            "output_state": {
              "Name": "minecraft:mossy_stone_bricks"
            }
          },
          {
            "location_predicate": {
              "predicate_type": "minecraft:block_match",
              "block": "minecraft:water"
            },
            "input_predicate": {
              "predicate_type": "minecraft:blockstate_match",
              "block_state": {
                "Name": "minecraft:cobblestone_slab",
                "Properties": {
                  "type": "double",
                  "waterlogged": "false"
                }
              }
            },
            "output_state": {
              "Name": "minecraft:mossy_stone_bricks"
            }
          }
        ]
      }
    ]
  }