{
  "type": "minecraft:fishing",
  "pools": [
    {
      "bonus_rolls": 0.0,
      "entries": [
        {
          "type": "minecraft:item",
          "name": "minecraft:cod",
          "weight": 60
        },
        {
          "type": "minecraft:item",
          "name": "minecraft:salmon",
          "weight": 27
        },
        {
          "type": "minecraft:item",
          "conditions": [
            {
              "condition": "minecraft:alternative",
              "terms": [
                {
                  "condition": "minecraft:location_check",
                  "predicate": {
                    "biome": "minecraft:warm_ocean"
                  }
                },
                {
                  "condition": "minecraft:location_check",
                  "predicate": {
                    "biome": "minecraft:lukewarm_ocean"
                  }
                },
                {
                  "condition": "minecraft:location_check",
                  "predicate": {
                    "biome": "minecraft:deep_lukewarm_ocean"
                  }
                }
              ]
            }
          ],
          "name": "minecraft:tropical_fish",
          "weight": 2
        },
        {
          "type": "minecraft:item",
          "name": "minecraft:pufferfish",
          "weight": 13
        }
      ],
      "rolls": 1.0
    }
  ]
}