{
  "replace": false,
  "values": [
    { "id":"minecraft:air", "required": false },
    { "id":"minecraft:cave_air", "required": false },
    { "id":"minecraft:void_air", "required": false },
    { "id":"minecraft:fire", "required": false },
    { "id":"minecraft:soul_fire", "required": false },
    { "id":"minecraft:lava", "required": false },
    { "id":"minecraft:grass", "required": false },
    { "id":"minecraft:tall_grass", "required": false },
    { "id":"minecraft:snow", "required": false },
    { "id":"minecraft:vine", "required": false }
  ]
}